{"cameraMode":{"drawMode":0,"name":"Shaded","section":"Shading Mode"},"sceneLighting":true,"audioPlay":false,"sceneViewState":{"showFog":true,"showMaterialUpdate":false,"showSkybox":false,"showFlares":true,"showImageEffects":true,"showParticleSystems":true},"in2DMode":false,"pivot":{"x":9.518895149230957,"y":17.613195419311525,"z":-86.10006713867188},"rotation":{"x":-0.04678519442677498,"y":0.893986165523529,"z":-0.43515732884407046,"w":-0.09611523151397705},"size":7.475610733032227,"orthographic":false}