{"cameraMode":{"drawMode":0,"name":"Shaded","section":"Shading Mode"},"sceneLighting":true,"audioPlay":false,"sceneViewState":{"showFog":true,"showMaterialUpdate":false,"showSkybox":false,"showFlares":true,"showImageEffects":true,"showParticleSystems":true},"in2DMode":false,"pivot":{"x":10.812309265136719,"y":-10.36976432800293,"z":-22.318195343017579},"rotation":{"x":0.18042351305484773,"y":0.8153380751609802,"z":-0.43227705359458926,"w":0.340305358171463},"size":25.773052215576173,"orthographic":false}