{"cameraMode":{"drawMode":0,"name":"Shaded","section":"Shading Mode"},"sceneLighting":true,"audioPlay":false,"sceneViewState":{"showFog":true,"showMaterialUpdate":false,"showSkybox":true,"showFlares":true,"showImageEffects":true,"showParticleSystems":true},"in2DMode":false,"pivot":{"x":-0.9098873734474182,"y":0.10273894667625427,"z":1.301815390586853},"rotation":{"x":-0.13216321170330048,"y":0.8313701152801514,"z":-0.22366540133953095,"w":-0.4912540018558502},"size":18.29557228088379,"orthographic":false}