{"cameraMode":{"drawMode":0,"name":"Shaded","section":"Shading Mode"},"sceneLighting":true,"audioPlay":false,"sceneViewState":{"showFog":true,"showMaterialUpdate":false,"showSkybox":false,"showFlares":true,"showImageEffects":true,"showParticleSystems":true},"in2DMode":false,"pivot":{"x":476.7522277832031,"y":6.095250129699707,"z":0.7393398284912109},"rotation":{"x":0.0011903296690434218,"y":-0.00540280481800437,"z":-0.000006451996796386084,"w":-0.9999846816062927},"size":21.735254287719728,"orthographic":false}