{"cameraMode":{"drawMode":0,"name":"Shaded","section":"Shading Mode"},"sceneLighting":true,"audioPlay":false,"sceneViewState":{"showFog":true,"showMaterialUpdate":false,"showSkybox":true,"showFlares":true,"showImageEffects":true,"showParticleSystems":true},"in2DMode":false,"pivot":{"x":5.0726165771484379,"y":-0.26953125,"z":-1.26220703125},"rotation":{"x":-0.2911663353443146,"y":0.018077751621603967,"z":-0.005503106862306595,"w":-0.9564858078956604},"size":3.8593590259552,"orthographic":true}