{"cameraMode":{"drawMode":0,"name":"Shaded","section":"Shading Mode"},"sceneLighting":true,"audioPlay":false,"sceneViewState":{"showFog":true,"showMaterialUpdate":false,"showSkybox":true,"showFlares":true,"showImageEffects":true,"showParticleSystems":true},"in2DMode":false,"pivot":{"x":6.7154541015625,"y":1.4150390625,"z":-7.408203125},"rotation":{"x":-0.27239423990249636,"y":0.02799580805003643,"z":-0.007929357700049878,"w":-0.9617456793785095},"size":14.460453033447266,"orthographic":true}